Name,Username,Password,Media
ahmad,ndanf2asd,mkasfmsladf
ajnsdasd,kasdmaskd,kamsdkmaksdm
1123123123,123123123123123,123123123123123
ahmad,ndanf2asd,mkasfmsladf
ajnsdasd,kasdmaskd,kamsdkmaksdm
1123123123,123123123123123,123123123123123
Ahmad,Ahmad03321,Aduiadh281
Ahmad,Ahmad03321,Aduiadh281
ahmad,ndanf2asd,mkasfmsladf
ajnsdasd,kasdmaskd,kamsdkmaksdm
1123123123,123123123123123,123123123123123
ahmad,ndanf2asd,mkasfmsladf
ajnsdasd,kasdmaskd,kamsdkmaksdm
1123123123,123123123123123,123123123123123
Ahmad,Ahmad03321,Aduiadh281
Ahmad,Ahmad03321,Aduiadh281
Ahmaudais8,ioasjdaiosdj8,jaoisd89ad
ahmad,ndanf2asd,mkasfmsladf
ajnsdasd,kasdmaskd,kamsdkmaksdm
1123123123,123123123123123,123123123123123
ahmad,ndanf2asd,mkasfmsladf
ajnsdasd,kasdmaskd,kamsdkmaksdm
1123123123,123123123123123,123123123123123
Ahmad,Ahmad03321,Aduiadh281
Ahmad,Ahmad03321,Aduiadh281
ahmad,ndanf2asd,mkasfmsladf
ajnsdasd,kasdmaskd,kamsdkmaksdm
1123123123,123123123123123,123123123123123
ahmad,ndanf2asd,mkasfmsladf
ajnsdasd,kasdmaskd,kamsdkmaksdm
1123123123,123123123123123,123123123123123
Ahmad,Ahmad03321,Aduiadh281
Ahmad,Ahmad03321,Aduiadh281
Ahmaudais8,ioasjdaiosdj8,jaoisd89ad
Ahmad,Ahmad1,Ahmad123
ahmad,ndanf2asd,mkasfmsladf
ajnsdasd,kasdmaskd,kamsdkmaksdm
1123123123,123123123123123,123123123123123
ahmad,ndanf2asd,mkasfmsladf
ajnsdasd,kasdmaskd,kamsdkmaksdm
1123123123,123123123123123,123123123123123
Ahmad,Ahmad03321,Aduiadh281
Ahmad,Ahmad03321,Aduiadh281
ahmad,ndanf2asd,mkasfmsladf
ajnsdasd,kasdmaskd,kamsdkmaksdm
1123123123,123123123123123,123123123123123
ahmad,ndanf2asd,mkasfmsladf
ajnsdasd,kasdmaskd,kamsdkmaksdm
1123123123,123123123123123,123123123123123
Ahmad,Ahmad03321,Aduiadh281
Ahmad,Ahmad03321,Aduiadh281
Ahmaudais8,ioasjdaiosdj8,jaoisd89ad
ahmad,ndanf2asd,mkasfmsladf
ajnsdasd,kasdmaskd,kamsdkmaksdm
1123123123,123123123123123,123123123123123
ahmad,ndanf2asd,mkasfmsladf
ajnsdasd,kasdmaskd,kamsdkmaksdm
1123123123,123123123123123,123123123123123
Ahmad,Ahmad03321,Aduiadh281
Ahmad,Ahmad03321,Aduiadh281
ahmad,ndanf2asd,mkasfmsladf
ajnsdasd,kasdmaskd,kamsdkmaksdm
1123123123,123123123123123,123123123123123
ahmad,ndanf2asd,mkasfmsladf
ajnsdasd,kasdmaskd,kamsdkmaksdm
1123123123,123123123123123,123123123123123
Ahmad,Ahmad03321,Aduiadh281
Ahmad,Ahmad03321,Aduiadh281
Ahmaudais8,ioasjdaiosdj8,jaoisd89ad
Ahmad,Ahmad1,Ahmad123
Ahmad,Aahdiadh2,ajdjaisdn2
ahmad,ndanf2asd,mkasfmsladf
ajnsdasd,kasdmaskd,kamsdkmaksdm
1123123123,123123123123123,123123123123123
ahmad,ndanf2asd,mkasfmsladf
ajnsdasd,kasdmaskd,kamsdkmaksdm
1123123123,123123123123123,123123123123123
Ahmad,Ahmad03321,Aduiadh281
Ahmad,Ahmad03321,Aduiadh281
ahmad,ndanf2asd,mkasfmsladf
ajnsdasd,kasdmaskd,kamsdkmaksdm
1123123123,123123123123123,123123123123123
ahmad,ndanf2asd,mkasfmsladf
ajnsdasd,kasdmaskd,kamsdkmaksdm
1123123123,123123123123123,123123123123123
Ahmad,Ahmad03321,Aduiadh281
Ahmad,Ahmad03321,Aduiadh281
Ahmaudais8,ioasjdaiosdj8,jaoisd89ad
ahmad,ndanf2asd,mkasfmsladf
ajnsdasd,kasdmaskd,kamsdkmaksdm
1123123123,123123123123123,123123123123123
ahmad,ndanf2asd,mkasfmsladf
ajnsdasd,kasdmaskd,kamsdkmaksdm
1123123123,123123123123123,123123123123123
Ahmad,Ahmad03321,Aduiadh281
Ahmad,Ahmad03321,Aduiadh281
ahmad,ndanf2asd,mkasfmsladf
ajnsdasd,kasdmaskd,kamsdkmaksdm
1123123123,123123123123123,123123123123123
ahmad,ndanf2asd,mkasfmsladf
ajnsdasd,kasdmaskd,kamsdkmaksdm
1123123123,123123123123123,123123123123123
Ahmad,Ahmad03321,Aduiadh281
Ahmad,Ahmad03321,Aduiadh281
Ahmaudais8,ioasjdaiosdj8,jaoisd89ad
Ahmad,Ahmad1,Ahmad123
ahmad,ndanf2asd,mkasfmsladf
ajnsdasd,kasdmaskd,kamsdkmaksdm
1123123123,123123123123123,123123123123123
ahmad,ndanf2asd,mkasfmsladf
ajnsdasd,kasdmaskd,kamsdkmaksdm
1123123123,123123123123123,123123123123123
Ahmad,Ahmad03321,Aduiadh281
Ahmad,Ahmad03321,Aduiadh281
ahmad,ndanf2asd,mkasfmsladf
ajnsdasd,kasdmaskd,kamsdkmaksdm
1123123123,123123123123123,123123123123123
ahmad,ndanf2asd,mkasfmsladf
ajnsdasd,kasdmaskd,kamsdkmaksdm
1123123123,123123123123123,123123123123123
Ahmad,Ahmad03321,Aduiadh281
Ahmad,Ahmad03321,Aduiadh281
Ahmaudais8,ioasjdaiosdj8,jaoisd89ad
ahmad,ndanf2asd,mkasfmsladf
ajnsdasd,kasdmaskd,kamsdkmaksdm
1123123123,123123123123123,123123123123123
ahmad,ndanf2asd,mkasfmsladf
ajnsdasd,kasdmaskd,kamsdkmaksdm
1123123123,123123123123123,123123123123123
Ahmad,Ahmad03321,Aduiadh281
Ahmad,Ahmad03321,Aduiadh281
ahmad,ndanf2asd,mkasfmsladf
ajnsdasd,kasdmaskd,kamsdkmaksdm
1123123123,123123123123123,123123123123123
ahmad,ndanf2asd,mkasfmsladf
ajnsdasd,kasdmaskd,kamsdkmaksdm
1123123123,123123123123123,123123123123123
Ahmad,Ahmad03321,Aduiadh281
Ahmad,Ahmad03321,Aduiadh281
Ahmaudais8,ioasjdaiosdj8,jaoisd89ad
Ahmad,Ahmad1,Ahmad123
Ahmad,Aahdiadh2,ajdjaisdn2
1,Ahmad123123123,213123123123
ahmad,ndanf2asd,mkasfmsladf
ajnsdasd,kasdmaskd,kamsdkmaksdm
1123123123,123123123123123,123123123123123
ahmad,ndanf2asd,mkasfmsladf
ajnsdasd,kasdmaskd,kamsdkmaksdm
1123123123,123123123123123,123123123123123
Ahmad,Ahmad03321,Aduiadh281
Ahmad,Ahmad03321,Aduiadh281
ahmad,ndanf2asd,mkasfmsladf
ajnsdasd,kasdmaskd,kamsdkmaksdm
1123123123,123123123123123,123123123123123
ahmad,ndanf2asd,mkasfmsladf
ajnsdasd,kasdmaskd,kamsdkmaksdm
1123123123,123123123123123,123123123123123
Ahmad,Ahmad03321,Aduiadh281
Ahmad,Ahmad03321,Aduiadh281
Ahmaudais8,ioasjdaiosdj8,jaoisd89ad
ahmad,ndanf2asd,mkasfmsladf
ajnsdasd,kasdmaskd,kamsdkmaksdm
1123123123,123123123123123,123123123123123
ahmad,ndanf2asd,mkasfmsladf
ajnsdasd,kasdmaskd,kamsdkmaksdm
1123123123,123123123123123,123123123123123
Ahmad,Ahmad03321,Aduiadh281
Ahmad,Ahmad03321,Aduiadh281
ahmad,ndanf2asd,mkasfmsladf
ajnsdasd,kasdmaskd,kamsdkmaksdm
1123123123,123123123123123,123123123123123
ahmad,ndanf2asd,mkasfmsladf
ajnsdasd,kasdmaskd,kamsdkmaksdm
1123123123,123123123123123,123123123123123
Ahmad,Ahmad03321,Aduiadh281
Ahmad,Ahmad03321,Aduiadh281
Ahmaudais8,ioasjdaiosdj8,jaoisd89ad
Ahmad,Ahmad1,Ahmad123
ahmad,ndanf2asd,mkasfmsladf
ajnsdasd,kasdmaskd,kamsdkmaksdm
1123123123,123123123123123,123123123123123
ahmad,ndanf2asd,mkasfmsladf
ajnsdasd,kasdmaskd,kamsdkmaksdm
1123123123,123123123123123,123123123123123
Ahmad,Ahmad03321,Aduiadh281
Ahmad,Ahmad03321,Aduiadh281
ahmad,ndanf2asd,mkasfmsladf
ajnsdasd,kasdmaskd,kamsdkmaksdm
1123123123,123123123123123,123123123123123
ahmad,ndanf2asd,mkasfmsladf
ajnsdasd,kasdmaskd,kamsdkmaksdm
1123123123,123123123123123,123123123123123
Ahmad,Ahmad03321,Aduiadh281
Ahmad,Ahmad03321,Aduiadh281
Ahmaudais8,ioasjdaiosdj8,jaoisd89ad
ahmad,ndanf2asd,mkasfmsladf
ajnsdasd,kasdmaskd,kamsdkmaksdm
1123123123,123123123123123,123123123123123
ahmad,ndanf2asd,mkasfmsladf
ajnsdasd,kasdmaskd,kamsdkmaksdm
1123123123,123123123123123,123123123123123
Ahmad,Ahmad03321,Aduiadh281
Ahmad,Ahmad03321,Aduiadh281
ahmad,ndanf2asd,mkasfmsladf
ajnsdasd,kasdmaskd,kamsdkmaksdm
1123123123,123123123123123,123123123123123
ahmad,ndanf2asd,mkasfmsladf
ajnsdasd,kasdmaskd,kamsdkmaksdm
1123123123,123123123123123,123123123123123
Ahmad,Ahmad03321,Aduiadh281
Ahmad,Ahmad03321,Aduiadh281
Ahmaudais8,ioasjdaiosdj8,jaoisd89ad
Ahmad,Ahmad1,Ahmad123
Ahmad,Aahdiadh2,ajdjaisdn2
ahmad,ndanf2asd,mkasfmsladf
ajnsdasd,kasdmaskd,kamsdkmaksdm
1123123123,123123123123123,123123123123123
ahmad,ndanf2asd,mkasfmsladf
ajnsdasd,kasdmaskd,kamsdkmaksdm
1123123123,123123123123123,123123123123123
Ahmad,Ahmad03321,Aduiadh281
Ahmad,Ahmad03321,Aduiadh281
ahmad,ndanf2asd,mkasfmsladf
ajnsdasd,kasdmaskd,kamsdkmaksdm
1123123123,123123123123123,123123123123123
ahmad,ndanf2asd,mkasfmsladf
ajnsdasd,kasdmaskd,kamsdkmaksdm
1123123123,123123123123123,123123123123123
Ahmad,Ahmad03321,Aduiadh281
Ahmad,Ahmad03321,Aduiadh281
Ahmaudais8,ioasjdaiosdj8,jaoisd89ad
ahmad,ndanf2asd,mkasfmsladf
ajnsdasd,kasdmaskd,kamsdkmaksdm
1123123123,123123123123123,123123123123123
ahmad,ndanf2asd,mkasfmsladf
ajnsdasd,kasdmaskd,kamsdkmaksdm
1123123123,123123123123123,123123123123123
Ahmad,Ahmad03321,Aduiadh281
Ahmad,Ahmad03321,Aduiadh281
ahmad,ndanf2asd,mkasfmsladf
ajnsdasd,kasdmaskd,kamsdkmaksdm
1123123123,123123123123123,123123123123123
ahmad,ndanf2asd,mkasfmsladf
ajnsdasd,kasdmaskd,kamsdkmaksdm
1123123123,123123123123123,123123123123123
Ahmad,Ahmad03321,Aduiadh281
Ahmad,Ahmad03321,Aduiadh281
Ahmaudais8,ioasjdaiosdj8,jaoisd89ad
Ahmad,Ahmad1,Ahmad123
ahmad,ndanf2asd,mkasfmsladf
ajnsdasd,kasdmaskd,kamsdkmaksdm
1123123123,123123123123123,123123123123123
ahmad,ndanf2asd,mkasfmsladf
ajnsdasd,kasdmaskd,kamsdkmaksdm
1123123123,123123123123123,123123123123123
Ahmad,Ahmad03321,Aduiadh281
Ahmad,Ahmad03321,Aduiadh281
ahmad,ndanf2asd,mkasfmsladf
ajnsdasd,kasdmaskd,kamsdkmaksdm
1123123123,123123123123123,123123123123123
ahmad,ndanf2asd,mkasfmsladf
ajnsdasd,kasdmaskd,kamsdkmaksdm
1123123123,123123123123123,123123123123123
Ahmad,Ahmad03321,Aduiadh281
Ahmad,Ahmad03321,Aduiadh281
Ahmaudais8,ioasjdaiosdj8,jaoisd89ad
ahmad,ndanf2asd,mkasfmsladf
ajnsdasd,kasdmaskd,kamsdkmaksdm
1123123123,123123123123123,123123123123123
ahmad,ndanf2asd,mkasfmsladf
ajnsdasd,kasdmaskd,kamsdkmaksdm
1123123123,123123123123123,123123123123123
Ahmad,Ahmad03321,Aduiadh281
Ahmad,Ahmad03321,Aduiadh281
ahmad,ndanf2asd,mkasfmsladf
ajnsdasd,kasdmaskd,kamsdkmaksdm
1123123123,123123123123123,123123123123123
ahmad,ndanf2asd,mkasfmsladf
ajnsdasd,kasdmaskd,kamsdkmaksdm
1123123123,123123123123123,123123123123123
Ahmad,Ahmad03321,Aduiadh281
Ahmad,Ahmad03321,Aduiadh281
Ahmaudais8,ioasjdaiosdj8,jaoisd89ad
Ahmad,Ahmad1,Ahmad123
Ahmad,Aahdiadh2,ajdjaisdn2
1,Ahmad123123123,213123123123
ahad,Ahmad12,Ahmadhaiusd
ahmad,ndanf2asd,mkasfmsladf[]
ajnsdasd,kasdmaskd,kamsdkmaksdm[]
1123123123,123123123123123,123123123123123[]
ahmad,ndanf2asd,mkasfmsladf[]
ajnsdasd,kasdmaskd,kamsdkmaksdm[]
1123123123,123123123123123,123123123123123[]
Ahmad,Ahmad03321,Aduiadh281[]
Ahmad,Ahmad03321,Aduiadh281[]
ahmad,ndanf2asd,mkasfmsladf[]
ajnsdasd,kasdmaskd,kamsdkmaksdm[]
1123123123,123123123123123,123123123123123[]
ahmad,ndanf2asd,mkasfmsladf[]
ajnsdasd,kasdmaskd,kamsdkmaksdm[]
1123123123,123123123123123,123123123123123[]
Ahmad,Ahmad03321,Aduiadh281[]
Ahmad,Ahmad03321,Aduiadh281[]
Ahmaudais8,ioasjdaiosdj8,jaoisd89ad[]
ahmad,ndanf2asd,mkasfmsladf[]
ajnsdasd,kasdmaskd,kamsdkmaksdm[]
1123123123,123123123123123,123123123123123[]
ahmad,ndanf2asd,mkasfmsladf[]
ajnsdasd,kasdmaskd,kamsdkmaksdm[]
1123123123,123123123123123,123123123123123[]
Ahmad,Ahmad03321,Aduiadh281[]
Ahmad,Ahmad03321,Aduiadh281[]
ahmad,ndanf2asd,mkasfmsladf[]
ajnsdasd,kasdmaskd,kamsdkmaksdm[]
1123123123,123123123123123,123123123123123[]
ahmad,ndanf2asd,mkasfmsladf[]
ajnsdasd,kasdmaskd,kamsdkmaksdm[]
1123123123,123123123123123,123123123123123[]
Ahmad,Ahmad03321,Aduiadh281[]
Ahmad,Ahmad03321,Aduiadh281[]
Ahmaudais8,ioasjdaiosdj8,jaoisd89ad[]
Ahmad,Ahmad1,Ahmad123[100) Yankee Doodle Dandy, 1942, null, 7.7]
ahmad,ndanf2asd,mkasfmsladf[]
ajnsdasd,kasdmaskd,kamsdkmaksdm[]
1123123123,123123123123123,123123123123123[]
ahmad,ndanf2asd,mkasfmsladf[]
ajnsdasd,kasdmaskd,kamsdkmaksdm[]
1123123123,123123123123123,123123123123123[]
Ahmad,Ahmad03321,Aduiadh281[]
Ahmad,Ahmad03321,Aduiadh281[]
ahmad,ndanf2asd,mkasfmsladf[]
ajnsdasd,kasdmaskd,kamsdkmaksdm[]
1123123123,123123123123123,123123123123123[]
ahmad,ndanf2asd,mkasfmsladf[]
ajnsdasd,kasdmaskd,kamsdkmaksdm[]
1123123123,123123123123123,123123123123123[]
Ahmad,Ahmad03321,Aduiadh281[]
Ahmad,Ahmad03321,Aduiadh281[]
Ahmaudais8,ioasjdaiosdj8,jaoisd89ad[]
ahmad,ndanf2asd,mkasfmsladf[]
ajnsdasd,kasdmaskd,kamsdkmaksdm[]
1123123123,123123123123123,123123123123123[]
ahmad,ndanf2asd,mkasfmsladf[]
ajnsdasd,kasdmaskd,kamsdkmaksdm[]
1123123123,123123123123123,123123123123123[]
Ahmad,Ahmad03321,Aduiadh281[]
Ahmad,Ahmad03321,Aduiadh281[]
ahmad,ndanf2asd,mkasfmsladf[]
ajnsdasd,kasdmaskd,kamsdkmaksdm[]
1123123123,123123123123123,123123123123123[]
ahmad,ndanf2asd,mkasfmsladf[]
ajnsdasd,kasdmaskd,kamsdkmaksdm[]
1123123123,123123123123123,123123123123123[]
Ahmad,Ahmad03321,Aduiadh281[]
Ahmad,Ahmad03321,Aduiadh281[]
Ahmaudais8,ioasjdaiosdj8,jaoisd89ad[]
Ahmad,Ahmad1,Ahmad123[]
Ahmad,Aahdiadh2,ajdjaisdn2[]
ahmad,ndanf2asd,mkasfmsladf[]
ajnsdasd,kasdmaskd,kamsdkmaksdm[]
1123123123,123123123123123,123123123123123[]
ahmad,ndanf2asd,mkasfmsladf[]
ajnsdasd,kasdmaskd,kamsdkmaksdm[]
1123123123,123123123123123,123123123123123[]
Ahmad,Ahmad03321,Aduiadh281[]
Ahmad,Ahmad03321,Aduiadh281[]
ahmad,ndanf2asd,mkasfmsladf[]
ajnsdasd,kasdmaskd,kamsdkmaksdm[]
1123123123,123123123123123,123123123123123[]
ahmad,ndanf2asd,mkasfmsladf[]
ajnsdasd,kasdmaskd,kamsdkmaksdm[]
1123123123,123123123123123,123123123123123[]
Ahmad,Ahmad03321,Aduiadh281[]
Ahmad,Ahmad03321,Aduiadh281[]
Ahmaudais8,ioasjdaiosdj8,jaoisd89ad[]
ahmad,ndanf2asd,mkasfmsladf[]
ajnsdasd,kasdmaskd,kamsdkmaksdm[]
1123123123,123123123123123,123123123123123[]
ahmad,ndanf2asd,mkasfmsladf[]
ajnsdasd,kasdmaskd,kamsdkmaksdm[]
1123123123,123123123123123,123123123123123[]
Ahmad,Ahmad03321,Aduiadh281[]
Ahmad,Ahmad03321,Aduiadh281[]
ahmad,ndanf2asd,mkasfmsladf[]
ajnsdasd,kasdmaskd,kamsdkmaksdm[]
1123123123,123123123123123,123123123123123[]
ahmad,ndanf2asd,mkasfmsladf[]
ajnsdasd,kasdmaskd,kamsdkmaksdm[]
1123123123,123123123123123,123123123123123[]
Ahmad,Ahmad03321,Aduiadh281[]
Ahmad,Ahmad03321,Aduiadh281[]
Ahmaudais8,ioasjdaiosdj8,jaoisd89ad[]
Ahmad,Ahmad1,Ahmad123[]
ahmad,ndanf2asd,mkasfmsladf[]
ajnsdasd,kasdmaskd,kamsdkmaksdm[]
1123123123,123123123123123,123123123123123[]
ahmad,ndanf2asd,mkasfmsladf[]
ajnsdasd,kasdmaskd,kamsdkmaksdm[]
1123123123,123123123123123,123123123123123[]
Ahmad,Ahmad03321,Aduiadh281[]
Ahmad,Ahmad03321,Aduiadh281[]
ahmad,ndanf2asd,mkasfmsladf[]
ajnsdasd,kasdmaskd,kamsdkmaksdm[]
1123123123,123123123123123,123123123123123[]
ahmad,ndanf2asd,mkasfmsladf[]
ajnsdasd,kasdmaskd,kamsdkmaksdm[]
1123123123,123123123123123,123123123123123[]
Ahmad,Ahmad03321,Aduiadh281[]
Ahmad,Ahmad03321,Aduiadh281[]
Ahmaudais8,ioasjdaiosdj8,jaoisd89ad[]
ahmad,ndanf2asd,mkasfmsladf[]
ajnsdasd,kasdmaskd,kamsdkmaksdm[]
1123123123,123123123123123,123123123123123[]
ahmad,ndanf2asd,mkasfmsladf[]
ajnsdasd,kasdmaskd,kamsdkmaksdm[]
1123123123,123123123123123,123123123123123[]
Ahmad,Ahmad03321,Aduiadh281[]
Ahmad,Ahmad03321,Aduiadh281[]
ahmad,ndanf2asd,mkasfmsladf[]
ajnsdasd,kasdmaskd,kamsdkmaksdm[]
1123123123,123123123123123,123123123123123[]
ahmad,ndanf2asd,mkasfmsladf[]
ajnsdasd,kasdmaskd,kamsdkmaksdm[]
1123123123,123123123123123,123123123123123[]
Ahmad,Ahmad03321,Aduiadh281[]
Ahmad,Ahmad03321,Aduiadh281[]
Ahmaudais8,ioasjdaiosdj8,jaoisd89ad[]
Ahmad,Ahmad1,Ahmad123[]
Ahmad,Aahdiadh2,ajdjaisdn2[]
1,Ahmad123123123,213123123123[]
ahmad,ndanf2asd,mkasfmsladf[]
ajnsdasd,kasdmaskd,kamsdkmaksdm[]
1123123123,123123123123123,123123123123123[]
ahmad,ndanf2asd,mkasfmsladf[]
ajnsdasd,kasdmaskd,kamsdkmaksdm[]
1123123123,123123123123123,123123123123123[]
Ahmad,Ahmad03321,Aduiadh281[]
Ahmad,Ahmad03321,Aduiadh281[]
ahmad,ndanf2asd,mkasfmsladf[]
ajnsdasd,kasdmaskd,kamsdkmaksdm[]
1123123123,123123123123123,123123123123123[]
ahmad,ndanf2asd,mkasfmsladf[]
ajnsdasd,kasdmaskd,kamsdkmaksdm[]
1123123123,123123123123123,123123123123123[]
Ahmad,Ahmad03321,Aduiadh281[]
Ahmad,Ahmad03321,Aduiadh281[]
Ahmaudais8,ioasjdaiosdj8,jaoisd89ad[]
ahmad,ndanf2asd,mkasfmsladf[]
ajnsdasd,kasdmaskd,kamsdkmaksdm[]
1123123123,123123123123123,123123123123123[]
ahmad,ndanf2asd,mkasfmsladf[]
ajnsdasd,kasdmaskd,kamsdkmaksdm[]
1123123123,123123123123123,123123123123123[]
Ahmad,Ahmad03321,Aduiadh281[]
Ahmad,Ahmad03321,Aduiadh281[]
ahmad,ndanf2asd,mkasfmsladf[]
ajnsdasd,kasdmaskd,kamsdkmaksdm[]
1123123123,123123123123123,123123123123123[]
ahmad,ndanf2asd,mkasfmsladf[]
ajnsdasd,kasdmaskd,kamsdkmaksdm[]
1123123123,123123123123123,123123123123123[]
Ahmad,Ahmad03321,Aduiadh281[]
Ahmad,Ahmad03321,Aduiadh281[]
Ahmaudais8,ioasjdaiosdj8,jaoisd89ad[]
Ahmad,Ahmad1,Ahmad123[]
ahmad,ndanf2asd,mkasfmsladf[]
ajnsdasd,kasdmaskd,kamsdkmaksdm[]
1123123123,123123123123123,123123123123123[]
ahmad,ndanf2asd,mkasfmsladf[]
ajnsdasd,kasdmaskd,kamsdkmaksdm[]
1123123123,123123123123123,123123123123123[]
Ahmad,Ahmad03321,Aduiadh281[]
Ahmad,Ahmad03321,Aduiadh281[]
ahmad,ndanf2asd,mkasfmsladf[]
ajnsdasd,kasdmaskd,kamsdkmaksdm[]
1123123123,123123123123123,123123123123123[]
ahmad,ndanf2asd,mkasfmsladf[]
ajnsdasd,kasdmaskd,kamsdkmaksdm[]
1123123123,123123123123123,123123123123123[]
Ahmad,Ahmad03321,Aduiadh281[]
Ahmad,Ahmad03321,Aduiadh281[]
Ahmaudais8,ioasjdaiosdj8,jaoisd89ad[]
ahmad,ndanf2asd,mkasfmsladf[]
ajnsdasd,kasdmaskd,kamsdkmaksdm[]
1123123123,123123123123123,123123123123123[]
ahmad,ndanf2asd,mkasfmsladf[]
ajnsdasd,kasdmaskd,kamsdkmaksdm[]
1123123123,123123123123123,123123123123123[]
Ahmad,Ahmad03321,Aduiadh281[]
Ahmad,Ahmad03321,Aduiadh281[]
ahmad,ndanf2asd,mkasfmsladf[]
ajnsdasd,kasdmaskd,kamsdkmaksdm[]
1123123123,123123123123123,123123123123123[]
ahmad,ndanf2asd,mkasfmsladf[]
ajnsdasd,kasdmaskd,kamsdkmaksdm[]
1123123123,123123123123123,123123123123123[]
Ahmad,Ahmad03321,Aduiadh281[]
Ahmad,Ahmad03321,Aduiadh281[]
Ahmaudais8,ioasjdaiosdj8,jaoisd89ad[]
Ahmad,Ahmad1,Ahmad123[]
Ahmad,Aahdiadh2,ajdjaisdn2[]
ahmad,ndanf2asd,mkasfmsladf[]
ajnsdasd,kasdmaskd,kamsdkmaksdm[]
1123123123,123123123123123,123123123123123[]
ahmad,ndanf2asd,mkasfmsladf[]
ajnsdasd,kasdmaskd,kamsdkmaksdm[]
1123123123,123123123123123,123123123123123[]
Ahmad,Ahmad03321,Aduiadh281[]
Ahmad,Ahmad03321,Aduiadh281[]
ahmad,ndanf2asd,mkasfmsladf[]
ajnsdasd,kasdmaskd,kamsdkmaksdm[]
1123123123,123123123123123,123123123123123[]
ahmad,ndanf2asd,mkasfmsladf[]
ajnsdasd,kasdmaskd,kamsdkmaksdm[]
1123123123,123123123123123,123123123123123[]
Ahmad,Ahmad03321,Aduiadh281[]
Ahmad,Ahmad03321,Aduiadh281[]
Ahmaudais8,ioasjdaiosdj8,jaoisd89ad[]
ahmad,ndanf2asd,mkasfmsladf[]
ajnsdasd,kasdmaskd,kamsdkmaksdm[]
1123123123,123123123123123,123123123123123[]
ahmad,ndanf2asd,mkasfmsladf[]
ajnsdasd,kasdmaskd,kamsdkmaksdm[]
1123123123,123123123123123,123123123123123[]
Ahmad,Ahmad03321,Aduiadh281[]
Ahmad,Ahmad03321,Aduiadh281[]
ahmad,ndanf2asd,mkasfmsladf[]
ajnsdasd,kasdmaskd,kamsdkmaksdm[]
1123123123,123123123123123,123123123123123[]
ahmad,ndanf2asd,mkasfmsladf[]
ajnsdasd,kasdmaskd,kamsdkmaksdm[]
1123123123,123123123123123,123123123123123[]
Ahmad,Ahmad03321,Aduiadh281[]
Ahmad,Ahmad03321,Aduiadh281[]
Ahmaudais8,ioasjdaiosdj8,jaoisd89ad[]
Ahmad,Ahmad1,Ahmad123[]
ahmad,ndanf2asd,mkasfmsladf[]
ajnsdasd,kasdmaskd,kamsdkmaksdm[]
1123123123,123123123123123,123123123123123[]
ahmad,ndanf2asd,mkasfmsladf[]
ajnsdasd,kasdmaskd,kamsdkmaksdm[]
1123123123,123123123123123,123123123123123[]
Ahmad,Ahmad03321,Aduiadh281[]
Ahmad,Ahmad03321,Aduiadh281[]
ahmad,ndanf2asd,mkasfmsladf[]
ajnsdasd,kasdmaskd,kamsdkmaksdm[]
1123123123,123123123123123,123123123123123[]
ahmad,ndanf2asd,mkasfmsladf[]
ajnsdasd,kasdmaskd,kamsdkmaksdm[]
1123123123,123123123123123,123123123123123[]
Ahmad,Ahmad03321,Aduiadh281[]
Ahmad,Ahmad03321,Aduiadh281[]
Ahmaudais8,ioasjdaiosdj8,jaoisd89ad[]
ahmad,ndanf2asd,mkasfmsladf[]
ajnsdasd,kasdmaskd,kamsdkmaksdm[]
1123123123,123123123123123,123123123123123[]
ahmad,ndanf2asd,mkasfmsladf[]
ajnsdasd,kasdmaskd,kamsdkmaksdm[]
1123123123,123123123123123,123123123123123[]
Ahmad,Ahmad03321,Aduiadh281[]
Ahmad,Ahmad03321,Aduiadh281[]
ahmad,ndanf2asd,mkasfmsladf[]
ajnsdasd,kasdmaskd,kamsdkmaksdm[]
1123123123,123123123123123,123123123123123[]
ahmad,ndanf2asd,mkasfmsladf[]
ajnsdasd,kasdmaskd,kamsdkmaksdm[]
1123123123,123123123123123,123123123123123[]
Ahmad,Ahmad03321,Aduiadh281[]
Ahmad,Ahmad03321,Aduiadh281[]
Ahmaudais8,ioasjdaiosdj8,jaoisd89ad[]
Ahmad,Ahmad1,Ahmad123[]
Ahmad,Aahdiadh2,ajdjaisdn2[]
1,Ahmad123123123,213123123123[]
ahad,Ahmad12,Ahmadhaiusd[]
ahmad,ndanf2asd,mkasfmsladf[]
ajnsdasd,kasdmaskd,kamsdkmaksdm[]
1123123123,123123123123123,123123123123123[]
ahmad,ndanf2asd,mkasfmsladf[]
ajnsdasd,kasdmaskd,kamsdkmaksdm[]
1123123123,123123123123123,123123123123123[]
Ahmad,Ahmad03321,Aduiadh281[]
Ahmad,Ahmad03321,Aduiadh281[]
ahmad,ndanf2asd,mkasfmsladf[]
ajnsdasd,kasdmaskd,kamsdkmaksdm[]
1123123123,123123123123123,123123123123123[]
ahmad,ndanf2asd,mkasfmsladf[]
ajnsdasd,kasdmaskd,kamsdkmaksdm[]
1123123123,123123123123123,123123123123123[]
Ahmad,Ahmad03321,Aduiadh281[]
Ahmad,Ahmad03321,Aduiadh281[]
Ahmaudais8,ioasjdaiosdj8,jaoisd89ad[]
ahmad,ndanf2asd,mkasfmsladf[]
ajnsdasd,kasdmaskd,kamsdkmaksdm[]
1123123123,123123123123123,123123123123123[]
ahmad,ndanf2asd,mkasfmsladf[]
ajnsdasd,kasdmaskd,kamsdkmaksdm[]
1123123123,123123123123123,123123123123123[]
Ahmad,Ahmad03321,Aduiadh281[]
Ahmad,Ahmad03321,Aduiadh281[]
ahmad,ndanf2asd,mkasfmsladf[]
ajnsdasd,kasdmaskd,kamsdkmaksdm[]
1123123123,123123123123123,123123123123123[]
ahmad,ndanf2asd,mkasfmsladf[]
ajnsdasd,kasdmaskd,kamsdkmaksdm[]
1123123123,123123123123123,123123123123123[]
Ahmad,Ahmad03321,Aduiadh281[]
Ahmad,Ahmad03321,Aduiadh281[]
Ahmaudais8,ioasjdaiosdj8,jaoisd89ad[]
Ahmad,Ahmad1,Ahmad123[2) The Shawshank Redemption, 1994, null, 9.3]
ahmad,ndanf2asd,mkasfmsladf[]
ajnsdasd,kasdmaskd,kamsdkmaksdm[]
1123123123,123123123123123,123123123123123[]
ahmad,ndanf2asd,mkasfmsladf[]
ajnsdasd,kasdmaskd,kamsdkmaksdm[]
1123123123,123123123123123,123123123123123[]
Ahmad,Ahmad03321,Aduiadh281[]
Ahmad,Ahmad03321,Aduiadh281[]
ahmad,ndanf2asd,mkasfmsladf[]
ajnsdasd,kasdmaskd,kamsdkmaksdm[]
1123123123,123123123123123,123123123123123[]
ahmad,ndanf2asd,mkasfmsladf[]
ajnsdasd,kasdmaskd,kamsdkmaksdm[]
1123123123,123123123123123,123123123123123[]
Ahmad,Ahmad03321,Aduiadh281[]
Ahmad,Ahmad03321,Aduiadh281[]
Ahmaudais8,ioasjdaiosdj8,jaoisd89ad[]
ahmad,ndanf2asd,mkasfmsladf[]
ajnsdasd,kasdmaskd,kamsdkmaksdm[]
1123123123,123123123123123,123123123123123[]
ahmad,ndanf2asd,mkasfmsladf[]
ajnsdasd,kasdmaskd,kamsdkmaksdm[]
1123123123,123123123123123,123123123123123[]
Ahmad,Ahmad03321,Aduiadh281[]
Ahmad,Ahmad03321,Aduiadh281[]
ahmad,ndanf2asd,mkasfmsladf[]
ajnsdasd,kasdmaskd,kamsdkmaksdm[]
1123123123,123123123123123,123123123123123[]
ahmad,ndanf2asd,mkasfmsladf[]
ajnsdasd,kasdmaskd,kamsdkmaksdm[]
1123123123,123123123123123,123123123123123[]
Ahmad,Ahmad03321,Aduiadh281[]
Ahmad,Ahmad03321,Aduiadh281[]
Ahmaudais8,ioasjdaiosdj8,jaoisd89ad[]
Ahmad,Ahmad1,Ahmad123[]
Ahmad,Aahdiadh2,ajdjaisdn2[]
ahmad,ndanf2asd,mkasfmsladf[]
ajnsdasd,kasdmaskd,kamsdkmaksdm[]
1123123123,123123123123123,123123123123123[]
ahmad,ndanf2asd,mkasfmsladf[]
ajnsdasd,kasdmaskd,kamsdkmaksdm[]
1123123123,123123123123123,123123123123123[]
Ahmad,Ahmad03321,Aduiadh281[]
Ahmad,Ahmad03321,Aduiadh281[]
ahmad,ndanf2asd,mkasfmsladf[]
ajnsdasd,kasdmaskd,kamsdkmaksdm[]
1123123123,123123123123123,123123123123123[]
ahmad,ndanf2asd,mkasfmsladf[]
ajnsdasd,kasdmaskd,kamsdkmaksdm[]
1123123123,123123123123123,123123123123123[]
Ahmad,Ahmad03321,Aduiadh281[]
Ahmad,Ahmad03321,Aduiadh281[]
Ahmaudais8,ioasjdaiosdj8,jaoisd89ad[]
ahmad,ndanf2asd,mkasfmsladf[]
ajnsdasd,kasdmaskd,kamsdkmaksdm[]
1123123123,123123123123123,123123123123123[]
ahmad,ndanf2asd,mkasfmsladf[]
ajnsdasd,kasdmaskd,kamsdkmaksdm[]
1123123123,123123123123123,123123123123123[]
Ahmad,Ahmad03321,Aduiadh281[]
Ahmad,Ahmad03321,Aduiadh281[]
ahmad,ndanf2asd,mkasfmsladf[]
ajnsdasd,kasdmaskd,kamsdkmaksdm[]
1123123123,123123123123123,123123123123123[]
ahmad,ndanf2asd,mkasfmsladf[]
ajnsdasd,kasdmaskd,kamsdkmaksdm[]
1123123123,123123123123123,123123123123123[]
Ahmad,Ahmad03321,Aduiadh281[]
Ahmad,Ahmad03321,Aduiadh281[]
Ahmaudais8,ioasjdaiosdj8,jaoisd89ad[]
Ahmad,Ahmad1,Ahmad123[]
ahmad,ndanf2asd,mkasfmsladf[]
ajnsdasd,kasdmaskd,kamsdkmaksdm[]
1123123123,123123123123123,123123123123123[]
ahmad,ndanf2asd,mkasfmsladf[]
ajnsdasd,kasdmaskd,kamsdkmaksdm[]
1123123123,123123123123123,123123123123123[]
Ahmad,Ahmad03321,Aduiadh281[]
Ahmad,Ahmad03321,Aduiadh281[]
ahmad,ndanf2asd,mkasfmsladf[]
ajnsdasd,kasdmaskd,kamsdkmaksdm[]
1123123123,123123123123123,123123123123123[]
ahmad,ndanf2asd,mkasfmsladf[]
ajnsdasd,kasdmaskd,kamsdkmaksdm[]
1123123123,123123123123123,123123123123123[]
Ahmad,Ahmad03321,Aduiadh281[]
Ahmad,Ahmad03321,Aduiadh281[]
Ahmaudais8,ioasjdaiosdj8,jaoisd89ad[]
ahmad,ndanf2asd,mkasfmsladf[]
ajnsdasd,kasdmaskd,kamsdkmaksdm[]
1123123123,123123123123123,123123123123123[]
ahmad,ndanf2asd,mkasfmsladf[]
ajnsdasd,kasdmaskd,kamsdkmaksdm[]
1123123123,123123123123123,123123123123123[]
Ahmad,Ahmad03321,Aduiadh281[]
Ahmad,Ahmad03321,Aduiadh281[]
ahmad,ndanf2asd,mkasfmsladf[]
ajnsdasd,kasdmaskd,kamsdkmaksdm[]
1123123123,123123123123123,123123123123123[]
ahmad,ndanf2asd,mkasfmsladf[]
ajnsdasd,kasdmaskd,kamsdkmaksdm[]
1123123123,123123123123123,123123123123123[]
Ahmad,Ahmad03321,Aduiadh281[]
Ahmad,Ahmad03321,Aduiadh281[]
Ahmaudais8,ioasjdaiosdj8,jaoisd89ad[]
Ahmad,Ahmad1,Ahmad123[]
Ahmad,Aahdiadh2,ajdjaisdn2[]
1,Ahmad123123123,213123123123[]
ahmad,ndanf2asd,mkasfmsladf[]
ajnsdasd,kasdmaskd,kamsdkmaksdm[]
1123123123,123123123123123,123123123123123[]
ahmad,ndanf2asd,mkasfmsladf[]
ajnsdasd,kasdmaskd,kamsdkmaksdm[]
1123123123,123123123123123,123123123123123[]
Ahmad,Ahmad03321,Aduiadh281[]
Ahmad,Ahmad03321,Aduiadh281[]
ahmad,ndanf2asd,mkasfmsladf[]
ajnsdasd,kasdmaskd,kamsdkmaksdm[]
1123123123,123123123123123,123123123123123[]
ahmad,ndanf2asd,mkasfmsladf[]
ajnsdasd,kasdmaskd,kamsdkmaksdm[]
1123123123,123123123123123,123123123123123[]
Ahmad,Ahmad03321,Aduiadh281[]
Ahmad,Ahmad03321,Aduiadh281[]
Ahmaudais8,ioasjdaiosdj8,jaoisd89ad[]
ahmad,ndanf2asd,mkasfmsladf[]
ajnsdasd,kasdmaskd,kamsdkmaksdm[]
1123123123,123123123123123,123123123123123[]
ahmad,ndanf2asd,mkasfmsladf[]
ajnsdasd,kasdmaskd,kamsdkmaksdm[]
1123123123,123123123123123,123123123123123[]
Ahmad,Ahmad03321,Aduiadh281[]
Ahmad,Ahmad03321,Aduiadh281[]
ahmad,ndanf2asd,mkasfmsladf[]
ajnsdasd,kasdmaskd,kamsdkmaksdm[]
1123123123,123123123123123,123123123123123[]
ahmad,ndanf2asd,mkasfmsladf[]
ajnsdasd,kasdmaskd,kamsdkmaksdm[]
1123123123,123123123123123,123123123123123[]
Ahmad,Ahmad03321,Aduiadh281[]
Ahmad,Ahmad03321,Aduiadh281[]
Ahmaudais8,ioasjdaiosdj8,jaoisd89ad[]
Ahmad,Ahmad1,Ahmad123[]
ahmad,ndanf2asd,mkasfmsladf[]
ajnsdasd,kasdmaskd,kamsdkmaksdm[]
1123123123,123123123123123,123123123123123[]
ahmad,ndanf2asd,mkasfmsladf[]
ajnsdasd,kasdmaskd,kamsdkmaksdm[]
1123123123,123123123123123,123123123123123[]
Ahmad,Ahmad03321,Aduiadh281[]
Ahmad,Ahmad03321,Aduiadh281[]
ahmad,ndanf2asd,mkasfmsladf[]
ajnsdasd,kasdmaskd,kamsdkmaksdm[]
1123123123,123123123123123,123123123123123[]
ahmad,ndanf2asd,mkasfmsladf[]
ajnsdasd,kasdmaskd,kamsdkmaksdm[]
1123123123,123123123123123,123123123123123[]
Ahmad,Ahmad03321,Aduiadh281[]
Ahmad,Ahmad03321,Aduiadh281[]
Ahmaudais8,ioasjdaiosdj8,jaoisd89ad[]
ahmad,ndanf2asd,mkasfmsladf[]
ajnsdasd,kasdmaskd,kamsdkmaksdm[]
1123123123,123123123123123,123123123123123[]
ahmad,ndanf2asd,mkasfmsladf[]
ajnsdasd,kasdmaskd,kamsdkmaksdm[]
1123123123,123123123123123,123123123123123[]
Ahmad,Ahmad03321,Aduiadh281[]
Ahmad,Ahmad03321,Aduiadh281[]
ahmad,ndanf2asd,mkasfmsladf[]
ajnsdasd,kasdmaskd,kamsdkmaksdm[]
1123123123,123123123123123,123123123123123[]
ahmad,ndanf2asd,mkasfmsladf[]
ajnsdasd,kasdmaskd,kamsdkmaksdm[]
1123123123,123123123123123,123123123123123[]
Ahmad,Ahmad03321,Aduiadh281[]
Ahmad,Ahmad03321,Aduiadh281[]
Ahmaudais8,ioasjdaiosdj8,jaoisd89ad[]
Ahmad,Ahmad1,Ahmad123[]
Ahmad,Aahdiadh2,ajdjaisdn2[]
ahmad,ndanf2asd,mkasfmsladf[]
ajnsdasd,kasdmaskd,kamsdkmaksdm[]
1123123123,123123123123123,123123123123123[]
ahmad,ndanf2asd,mkasfmsladf[]
ajnsdasd,kasdmaskd,kamsdkmaksdm[]
1123123123,123123123123123,123123123123123[]
Ahmad,Ahmad03321,Aduiadh281[]
Ahmad,Ahmad03321,Aduiadh281[]
ahmad,ndanf2asd,mkasfmsladf[]
ajnsdasd,kasdmaskd,kamsdkmaksdm[]
1123123123,123123123123123,123123123123123[]
ahmad,ndanf2asd,mkasfmsladf[]
ajnsdasd,kasdmaskd,kamsdkmaksdm[]
1123123123,123123123123123,123123123123123[]
Ahmad,Ahmad03321,Aduiadh281[]
Ahmad,Ahmad03321,Aduiadh281[]
Ahmaudais8,ioasjdaiosdj8,jaoisd89ad[]
ahmad,ndanf2asd,mkasfmsladf[]
ajnsdasd,kasdmaskd,kamsdkmaksdm[]
1123123123,123123123123123,123123123123123[]
ahmad,ndanf2asd,mkasfmsladf[]
ajnsdasd,kasdmaskd,kamsdkmaksdm[]
1123123123,123123123123123,123123123123123[]
Ahmad,Ahmad03321,Aduiadh281[]
Ahmad,Ahmad03321,Aduiadh281[]
ahmad,ndanf2asd,mkasfmsladf[]
ajnsdasd,kasdmaskd,kamsdkmaksdm[]
1123123123,123123123123123,123123123123123[]
ahmad,ndanf2asd,mkasfmsladf[]
ajnsdasd,kasdmaskd,kamsdkmaksdm[]
1123123123,123123123123123,123123123123123[]
Ahmad,Ahmad03321,Aduiadh281[]
Ahmad,Ahmad03321,Aduiadh281[]
Ahmaudais8,ioasjdaiosdj8,jaoisd89ad[]
Ahmad,Ahmad1,Ahmad123[]
ahmad,ndanf2asd,mkasfmsladf[]
ajnsdasd,kasdmaskd,kamsdkmaksdm[]
1123123123,123123123123123,123123123123123[]
ahmad,ndanf2asd,mkasfmsladf[]
ajnsdasd,kasdmaskd,kamsdkmaksdm[]
1123123123,123123123123123,123123123123123[]
Ahmad,Ahmad03321,Aduiadh281[]
Ahmad,Ahmad03321,Aduiadh281[]
ahmad,ndanf2asd,mkasfmsladf[]
ajnsdasd,kasdmaskd,kamsdkmaksdm[]
1123123123,123123123123123,123123123123123[]
ahmad,ndanf2asd,mkasfmsladf[]
ajnsdasd,kasdmaskd,kamsdkmaksdm[]
1123123123,123123123123123,123123123123123[]
Ahmad,Ahmad03321,Aduiadh281[]
Ahmad,Ahmad03321,Aduiadh281[]
Ahmaudais8,ioasjdaiosdj8,jaoisd89ad[]
ahmad,ndanf2asd,mkasfmsladf[]
ajnsdasd,kasdmaskd,kamsdkmaksdm[]
1123123123,123123123123123,123123123123123[]
ahmad,ndanf2asd,mkasfmsladf[]
ajnsdasd,kasdmaskd,kamsdkmaksdm[]
1123123123,123123123123123,123123123123123[]
Ahmad,Ahmad03321,Aduiadh281[]
Ahmad,Ahmad03321,Aduiadh281[]
ahmad,ndanf2asd,mkasfmsladf[]
ajnsdasd,kasdmaskd,kamsdkmaksdm[]
1123123123,123123123123123,123123123123123[]
ahmad,ndanf2asd,mkasfmsladf[]
ajnsdasd,kasdmaskd,kamsdkmaksdm[]
1123123123,123123123123123,123123123123123[]
Ahmad,Ahmad03321,Aduiadh281[]
Ahmad,Ahmad03321,Aduiadh281[]
Ahmaudais8,ioasjdaiosdj8,jaoisd89ad[]
Ahmad,Ahmad1,Ahmad123[]
Ahmad,Aahdiadh2,ajdjaisdn2[]
1,Ahmad123123123,213123123123[]
ahad,Ahmad12,Ahmadhaiusd[]
ahmad,ndanf2asd,mkasfmsladf[][]
ajnsdasd,kasdmaskd,kamsdkmaksdm[][]
1123123123,123123123123123,123123123123123[][]
ahmad,ndanf2asd,mkasfmsladf[][]
ajnsdasd,kasdmaskd,kamsdkmaksdm[][]
1123123123,123123123123123,123123123123123[][]
Ahmad,Ahmad03321,Aduiadh281[][]
Ahmad,Ahmad03321,Aduiadh281[][]
ahmad,ndanf2asd,mkasfmsladf[][]
ajnsdasd,kasdmaskd,kamsdkmaksdm[][]
1123123123,123123123123123,123123123123123[][]
ahmad,ndanf2asd,mkasfmsladf[][]
ajnsdasd,kasdmaskd,kamsdkmaksdm[][]
1123123123,123123123123123,123123123123123[][]
Ahmad,Ahmad03321,Aduiadh281[][]
Ahmad,Ahmad03321,Aduiadh281[][]
Ahmaudais8,ioasjdaiosdj8,jaoisd89ad[][]
ahmad,ndanf2asd,mkasfmsladf[][]
ajnsdasd,kasdmaskd,kamsdkmaksdm[][]
1123123123,123123123123123,123123123123123[][]
ahmad,ndanf2asd,mkasfmsladf[][]
ajnsdasd,kasdmaskd,kamsdkmaksdm[][]
1123123123,123123123123123,123123123123123[][]
Ahmad,Ahmad03321,Aduiadh281[][]
Ahmad,Ahmad03321,Aduiadh281[][]
ahmad,ndanf2asd,mkasfmsladf[][]
ajnsdasd,kasdmaskd,kamsdkmaksdm[][]
1123123123,123123123123123,123123123123123[][]
ahmad,ndanf2asd,mkasfmsladf[][]
ajnsdasd,kasdmaskd,kamsdkmaksdm[][]
1123123123,123123123123123,123123123123123[][]
Ahmad,Ahmad03321,Aduiadh281[][]
Ahmad,Ahmad03321,Aduiadh281[][]
Ahmaudais8,ioasjdaiosdj8,jaoisd89ad[][]
Ahmad,Ahmad1,Ahmad123[100) Yankee Doodle Dandy[]
ahmad,ndanf2asd,mkasfmsladf[][]
ajnsdasd,kasdmaskd,kamsdkmaksdm[][]
1123123123,123123123123123,123123123123123[][]
ahmad,ndanf2asd,mkasfmsladf[][]
ajnsdasd,kasdmaskd,kamsdkmaksdm[][]
1123123123,123123123123123,123123123123123[][]
Ahmad,Ahmad03321,Aduiadh281[][]
Ahmad,Ahmad03321,Aduiadh281[][]
ahmad,ndanf2asd,mkasfmsladf[][]
ajnsdasd,kasdmaskd,kamsdkmaksdm[][]
1123123123,123123123123123,123123123123123[][]
ahmad,ndanf2asd,mkasfmsladf[][]
ajnsdasd,kasdmaskd,kamsdkmaksdm[][]
1123123123,123123123123123,123123123123123[][]
Ahmad,Ahmad03321,Aduiadh281[][]
Ahmad,Ahmad03321,Aduiadh281[][]
Ahmaudais8,ioasjdaiosdj8,jaoisd89ad[][]
ahmad,ndanf2asd,mkasfmsladf[][]
ajnsdasd,kasdmaskd,kamsdkmaksdm[][]
1123123123,123123123123123,123123123123123[][]
ahmad,ndanf2asd,mkasfmsladf[][]
ajnsdasd,kasdmaskd,kamsdkmaksdm[][]
1123123123,123123123123123,123123123123123[][]
Ahmad,Ahmad03321,Aduiadh281[][]
Ahmad,Ahmad03321,Aduiadh281[][]
ahmad,ndanf2asd,mkasfmsladf[][]
ajnsdasd,kasdmaskd,kamsdkmaksdm[][]
1123123123,123123123123123,123123123123123[][]
ahmad,ndanf2asd,mkasfmsladf[][]
ajnsdasd,kasdmaskd,kamsdkmaksdm[][]
1123123123,123123123123123,123123123123123[][]
Ahmad,Ahmad03321,Aduiadh281[][]
Ahmad,Ahmad03321,Aduiadh281[][]
Ahmaudais8,ioasjdaiosdj8,jaoisd89ad[][]
Ahmad,Ahmad1,Ahmad123[][]
Ahmad,Aahdiadh2,ajdjaisdn2[][]
ahmad,ndanf2asd,mkasfmsladf[][]
ajnsdasd,kasdmaskd,kamsdkmaksdm[][]
1123123123,123123123123123,123123123123123[][]
ahmad,ndanf2asd,mkasfmsladf[][]
ajnsdasd,kasdmaskd,kamsdkmaksdm[][]
1123123123,123123123123123,123123123123123[][]
Ahmad,Ahmad03321,Aduiadh281[][]
Ahmad,Ahmad03321,Aduiadh281[][]
ahmad,ndanf2asd,mkasfmsladf[][]
ajnsdasd,kasdmaskd,kamsdkmaksdm[][]
1123123123,123123123123123,123123123123123[][]
ahmad,ndanf2asd,mkasfmsladf[][]
ajnsdasd,kasdmaskd,kamsdkmaksdm[][]
1123123123,123123123123123,123123123123123[][]
Ahmad,Ahmad03321,Aduiadh281[][]
Ahmad,Ahmad03321,Aduiadh281[][]
Ahmaudais8,ioasjdaiosdj8,jaoisd89ad[][]
ahmad,ndanf2asd,mkasfmsladf[][]
ajnsdasd,kasdmaskd,kamsdkmaksdm[][]
1123123123,123123123123123,123123123123123[][]
ahmad,ndanf2asd,mkasfmsladf[][]
ajnsdasd,kasdmaskd,kamsdkmaksdm[][]
1123123123,123123123123123,123123123123123[][]
Ahmad,Ahmad03321,Aduiadh281[][]
Ahmad,Ahmad03321,Aduiadh281[][]
ahmad,ndanf2asd,mkasfmsladf[][]
ajnsdasd,kasdmaskd,kamsdkmaksdm[][]
1123123123,123123123123123,123123123123123[][]
ahmad,ndanf2asd,mkasfmsladf[][]
ajnsdasd,kasdmaskd,kamsdkmaksdm[][]
1123123123,123123123123123,123123123123123[][]
Ahmad,Ahmad03321,Aduiadh281[][]
Ahmad,Ahmad03321,Aduiadh281[][]
Ahmaudais8,ioasjdaiosdj8,jaoisd89ad[][]
Ahmad,Ahmad1,Ahmad123[][]
ahmad,ndanf2asd,mkasfmsladf[][]
ajnsdasd,kasdmaskd,kamsdkmaksdm[][]
1123123123,123123123123123,123123123123123[][]
ahmad,ndanf2asd,mkasfmsladf[][]
ajnsdasd,kasdmaskd,kamsdkmaksdm[][]
1123123123,123123123123123,123123123123123[][]
Ahmad,Ahmad03321,Aduiadh281[][]
Ahmad,Ahmad03321,Aduiadh281[][]
ahmad,ndanf2asd,mkasfmsladf[][]
ajnsdasd,kasdmaskd,kamsdkmaksdm[][]
1123123123,123123123123123,123123123123123[][]
ahmad,ndanf2asd,mkasfmsladf[][]
ajnsdasd,kasdmaskd,kamsdkmaksdm[][]
1123123123,123123123123123,123123123123123[][]
Ahmad,Ahmad03321,Aduiadh281[][]
Ahmad,Ahmad03321,Aduiadh281[][]
Ahmaudais8,ioasjdaiosdj8,jaoisd89ad[][]
ahmad,ndanf2asd,mkasfmsladf[][]
ajnsdasd,kasdmaskd,kamsdkmaksdm[][]
1123123123,123123123123123,123123123123123[][]
ahmad,ndanf2asd,mkasfmsladf[][]
ajnsdasd,kasdmaskd,kamsdkmaksdm[][]
1123123123,123123123123123,123123123123123[][]
Ahmad,Ahmad03321,Aduiadh281[][]
Ahmad,Ahmad03321,Aduiadh281[][]
ahmad,ndanf2asd,mkasfmsladf[][]
ajnsdasd,kasdmaskd,kamsdkmaksdm[][]
1123123123,123123123123123,123123123123123[][]
ahmad,ndanf2asd,mkasfmsladf[][]
ajnsdasd,kasdmaskd,kamsdkmaksdm[][]
1123123123,123123123123123,123123123123123[][]
Ahmad,Ahmad03321,Aduiadh281[][]
Ahmad,Ahmad03321,Aduiadh281[][]
Ahmaudais8,ioasjdaiosdj8,jaoisd89ad[][]
Ahmad,Ahmad1,Ahmad123[][]
Ahmad,Aahdiadh2,ajdjaisdn2[][]
1,Ahmad123123123,213123123123[][]
ahmad,ndanf2asd,mkasfmsladf[][]
ajnsdasd,kasdmaskd,kamsdkmaksdm[][]
1123123123,123123123123123,123123123123123[][]
ahmad,ndanf2asd,mkasfmsladf[][]
ajnsdasd,kasdmaskd,kamsdkmaksdm[][]
1123123123,123123123123123,123123123123123[][]
Ahmad,Ahmad03321,Aduiadh281[][]
Ahmad,Ahmad03321,Aduiadh281[][]
ahmad,ndanf2asd,mkasfmsladf[][]
ajnsdasd,kasdmaskd,kamsdkmaksdm[][]
1123123123,123123123123123,123123123123123[][]
ahmad,ndanf2asd,mkasfmsladf[][]
ajnsdasd,kasdmaskd,kamsdkmaksdm[][]
1123123123,123123123123123,123123123123123[][]
Ahmad,Ahmad03321,Aduiadh281[][]
Ahmad,Ahmad03321,Aduiadh281[][]
Ahmaudais8,ioasjdaiosdj8,jaoisd89ad[][]
ahmad,ndanf2asd,mkasfmsladf[][]
ajnsdasd,kasdmaskd,kamsdkmaksdm[][]
1123123123,123123123123123,123123123123123[][]
ahmad,ndanf2asd,mkasfmsladf[][]
ajnsdasd,kasdmaskd,kamsdkmaksdm[][]
1123123123,123123123123123,123123123123123[][]
Ahmad,Ahmad03321,Aduiadh281[][]
Ahmad,Ahmad03321,Aduiadh281[][]
ahmad,ndanf2asd,mkasfmsladf[][]
ajnsdasd,kasdmaskd,kamsdkmaksdm[][]
1123123123,123123123123123,123123123123123[][]
ahmad,ndanf2asd,mkasfmsladf[][]
ajnsdasd,kasdmaskd,kamsdkmaksdm[][]
1123123123,123123123123123,123123123123123[][]
Ahmad,Ahmad03321,Aduiadh281[][]
Ahmad,Ahmad03321,Aduiadh281[][]
Ahmaudais8,ioasjdaiosdj8,jaoisd89ad[][]
Ahmad,Ahmad1,Ahmad123[][]
ahmad,ndanf2asd,mkasfmsladf[][]
ajnsdasd,kasdmaskd,kamsdkmaksdm[][]
1123123123,123123123123123,123123123123123[][]
ahmad,ndanf2asd,mkasfmsladf[][]
ajnsdasd,kasdmaskd,kamsdkmaksdm[][]
1123123123,123123123123123,123123123123123[][]
Ahmad,Ahmad03321,Aduiadh281[][]
Ahmad,Ahmad03321,Aduiadh281[][]
ahmad,ndanf2asd,mkasfmsladf[][]
ajnsdasd,kasdmaskd,kamsdkmaksdm[][]
1123123123,123123123123123,123123123123123[][]
ahmad,ndanf2asd,mkasfmsladf[][]
ajnsdasd,kasdmaskd,kamsdkmaksdm[][]
1123123123,123123123123123,123123123123123[][]
Ahmad,Ahmad03321,Aduiadh281[][]
Ahmad,Ahmad03321,Aduiadh281[][]
Ahmaudais8,ioasjdaiosdj8,jaoisd89ad[][]
ahmad,ndanf2asd,mkasfmsladf[][]
ajnsdasd,kasdmaskd,kamsdkmaksdm[][]
1123123123,123123123123123,123123123123123[][]
ahmad,ndanf2asd,mkasfmsladf[][]
ajnsdasd,kasdmaskd,kamsdkmaksdm[][]
1123123123,123123123123123,123123123123123[][]
Ahmad,Ahmad03321,Aduiadh281[][]
Ahmad,Ahmad03321,Aduiadh281[][]
ahmad,ndanf2asd,mkasfmsladf[][]
ajnsdasd,kasdmaskd,kamsdkmaksdm[][]
1123123123,123123123123123,123123123123123[][]
ahmad,ndanf2asd,mkasfmsladf[][]
ajnsdasd,kasdmaskd,kamsdkmaksdm[][]
1123123123,123123123123123,123123123123123[][]
Ahmad,Ahmad03321,Aduiadh281[][]
Ahmad,Ahmad03321,Aduiadh281[][]
Ahmaudais8,ioasjdaiosdj8,jaoisd89ad[][]
Ahmad,Ahmad1,Ahmad123[][]
Ahmad,Aahdiadh2,ajdjaisdn2[][]
ahmad,ndanf2asd,mkasfmsladf[][]
ajnsdasd,kasdmaskd,kamsdkmaksdm[][]
1123123123,123123123123123,123123123123123[][]
ahmad,ndanf2asd,mkasfmsladf[][]
ajnsdasd,kasdmaskd,kamsdkmaksdm[][]
1123123123,123123123123123,123123123123123[][]
Ahmad,Ahmad03321,Aduiadh281[][]
Ahmad,Ahmad03321,Aduiadh281[][]
ahmad,ndanf2asd,mkasfmsladf[][]
ajnsdasd,kasdmaskd,kamsdkmaksdm[][]
1123123123,123123123123123,123123123123123[][]
ahmad,ndanf2asd,mkasfmsladf[][]
ajnsdasd,kasdmaskd,kamsdkmaksdm[][]
1123123123,123123123123123,123123123123123[][]
Ahmad,Ahmad03321,Aduiadh281[][]
Ahmad,Ahmad03321,Aduiadh281[][]
Ahmaudais8,ioasjdaiosdj8,jaoisd89ad[][]
ahmad,ndanf2asd,mkasfmsladf[][]
ajnsdasd,kasdmaskd,kamsdkmaksdm[][]
1123123123,123123123123123,123123123123123[][]
ahmad,ndanf2asd,mkasfmsladf[][]
ajnsdasd,kasdmaskd,kamsdkmaksdm[][]
1123123123,123123123123123,123123123123123[][]
Ahmad,Ahmad03321,Aduiadh281[][]
Ahmad,Ahmad03321,Aduiadh281[][]
ahmad,ndanf2asd,mkasfmsladf[][]
ajnsdasd,kasdmaskd,kamsdkmaksdm[][]
1123123123,123123123123123,123123123123123[][]
ahmad,ndanf2asd,mkasfmsladf[][]
ajnsdasd,kasdmaskd,kamsdkmaksdm[][]
1123123123,123123123123123,123123123123123[][]
Ahmad,Ahmad03321,Aduiadh281[][]
Ahmad,Ahmad03321,Aduiadh281[][]
Ahmaudais8,ioasjdaiosdj8,jaoisd89ad[][]
Ahmad,Ahmad1,Ahmad123[][]
ahmad,ndanf2asd,mkasfmsladf[][]
ajnsdasd,kasdmaskd,kamsdkmaksdm[][]
1123123123,123123123123123,123123123123123[][]
ahmad,ndanf2asd,mkasfmsladf[][]
ajnsdasd,kasdmaskd,kamsdkmaksdm[][]
1123123123,123123123123123,123123123123123[][]
Ahmad,Ahmad03321,Aduiadh281[][]
Ahmad,Ahmad03321,Aduiadh281[][]
ahmad,ndanf2asd,mkasfmsladf[][]
ajnsdasd,kasdmaskd,kamsdkmaksdm[][]
1123123123,123123123123123,123123123123123[][]
ahmad,ndanf2asd,mkasfmsladf[][]
ajnsdasd,kasdmaskd,kamsdkmaksdm[][]
1123123123,123123123123123,123123123123123[][]
Ahmad,Ahmad03321,Aduiadh281[][]
Ahmad,Ahmad03321,Aduiadh281[][]
Ahmaudais8,ioasjdaiosdj8,jaoisd89ad[][]
ahmad,ndanf2asd,mkasfmsladf[][]
ajnsdasd,kasdmaskd,kamsdkmaksdm[][]
1123123123,123123123123123,123123123123123[][]
ahmad,ndanf2asd,mkasfmsladf[][]
ajnsdasd,kasdmaskd,kamsdkmaksdm[][]
1123123123,123123123123123,123123123123123[][]
Ahmad,Ahmad03321,Aduiadh281[][]
Ahmad,Ahmad03321,Aduiadh281[][]
ahmad,ndanf2asd,mkasfmsladf[][]
ajnsdasd,kasdmaskd,kamsdkmaksdm[][]
1123123123,123123123123123,123123123123123[][]
ahmad,ndanf2asd,mkasfmsladf[][]
ajnsdasd,kasdmaskd,kamsdkmaksdm[][]
1123123123,123123123123123,123123123123123[][]
Ahmad,Ahmad03321,Aduiadh281[][]
Ahmad,Ahmad03321,Aduiadh281[][]
Ahmaudais8,ioasjdaiosdj8,jaoisd89ad[][]
Ahmad,Ahmad1,Ahmad123[][]
Ahmad,Aahdiadh2,ajdjaisdn2[][]
1,Ahmad123123123,213123123123[][]
ahad,Ahmad12,Ahmadhaiusd[][]
